{"cameraMode":{"drawMode":0,"name":"Shaded","section":"Shading Mode"},"sceneLighting":true,"audioPlay":false,"sceneViewState":{"showFog":false,"showMaterialUpdate":false,"showSkybox":false,"showFlares":true,"showImageEffects":true,"showParticleSystems":true},"in2DMode":false,"pivot":{"x":12.448307037353516,"y":0.926806628704071,"z":1.5794281959533692},"rotation":{"x":0.023345235735177995,"y":-0.0659339651465416,"z":0.0015430900966748596,"w":0.9975497126579285},"size":31.297142028808595,"orthographic":true}